{
    "actionResult": null,
    "actionStatus": "SUCCESS",
    "searchUserModel": [
        {
            "userid": "1",
            "firstname": "userFirstName",
            "lastname": "userLastName",
            "email": "user1@cox.com",
            "lastLogon": null,
            "statusid": {
                "statusId": 1,
                "statusName": "Active"
            }
        },
        {
            "userid": "2",
            "firstname": "userFirstName",
            "lastname": "userLastName",
            "email": "user2@cox.com",
            "lastLogon": null,
            "statusid": {
                "statusId": 1,
                "statusName": "Active"
            }
        }
    ]
}