{
    "actionResult": null,
    "actionStatus": null,
    "icomsStatus": {
        "1": "Not Started",
        "2": "Peer Review Needed",
        "3": "Peer Review In Progress",
        "4": "Offer Completed but Modified After Build by Marketing- Pending Changes",
        "5": "Client Action Required / Pending Questions",
        "6": "On Hold- Marketing Hold",
        "7": "Completed",
        "8": "Cancelled",
        "9": "Completed but canceled/deleted prior to launch",
        "10": "Template Under Review/Pre-Build",
        "11": "Received",
        "12": "Available For Build"
    },
    "itAssignedTo": {
        "1": "one",
        "2": "Two",
        "3": "Three"
    },
    "itPeerReviewed": {
        "1": "one",
        "2": "Two",
        "3": "Three"
    },
    "discountType": {
        "1": "Fixed Price",
        "2": "Dollars Off",
        "3": "Percent Off",
        "4": "Other"
    },
    "videoTires": {
        "1": "Seasonal TV",
        "2": "Starter TV",
        "3": "Starter TV Plus",
        "4": "Contour Flex Starter App Only",
        "5": "Contour Flex Starter",
        "6": "Contour Flex Latino",
        "7": "Flex Watch",
        "8": "Flex Watch Latino",
        "9": "Cox TV Economy",
        "10": "Contour Flex Economy",
        "11": "Contour Flex Economy Latino",
        "12": "Cox Adv TV Economy Plus",
        "13": "Cox TV Essential",
        "14": "Cox Advanced TV",
        "15": "Contour TV",
        "16": "Cox Advanced TV El Mix",
        "17": "Cox Advanced TV Super Mix",
        "18": "Contour TV Latino",
        "19": "Contour TV Preferred",
        "20": "Contour TV Preferred Latino",
        "21": "Contour TV Premier",
        "22": "Contour TV Ultimate",
        "23": "Contour TV Ultimate Latino",
        "24": "Contour",
        "25": "Economy",
        "26": "Contour 2",
        "27": "Essentials"
    },
    "dataTires": {
        "1": "Seasonal",
        "2": "Starter",
        "3": "Essentials",
        "4": "C2C",
        "5": "Preferred",
        "6": "Premier",
        "7": "Ultimate",
        "8": "Gigabit",
        "9": "Preferred 100",
        "10": "Essential 30"
    },
    "phoneTires": {
        "1": "Starter",
        "2": "Essentials",
        "3": "Premier",
        "4": "Seasonal",
        "5": "Lifeline"
    },
    "homeLifeTires": {
        "1": "Essentials",
        "2": "Preferred",
        "3": "Automation",
        "4": "Security + Automation",
        "5": "Care"
    },
    "ancillaryFeatures": {
        "1": "Add",
        "2": "Retain",
        "3": "1 Premium",
        "4": "2 Premiums",
        "5": "3 Premiums",
        "6": "HBO",
        "7": "Showtime",
        "8": "Starz",
        "9": "Cinemax",
        "10": "Variety Pak",
        "11": "Sports &amp,Information Pak",
        "12": "Movie Pak",
        "13": "Sports Pak 2",
        "14": "Latino Pak",
        "15": "Record 2 DVR Service",
        "16": "Record 6 DVR Service",
        "17": "If Newly Added Only",
        "18": "Video Receiver"
    },
    "equipment": {
        "1": "DTA",
        "2": "Receiver",
        "3": "DVR Record 2",
        "4": "DVR Record 6",
        "5": "Gateway",
        "6": "Modem",
        "7": "EMTA",
        "8": "VREMREP",
        "9": "C2 Receiver",
        "10": "C1 Receiver",
        "11": "CHL Thermostats",
        "12": "CHL EQUIPMENT",
        "13": "APPONLY",
        "14": "Pano WiFi Modem",
        "15": "CHL Smart Bulb",
        "16": "CHL Door Locks"
    },
    "install": {
        "1": "Self",
        "2": "Professional",
        "3": "Self/Pro"
    },
    "validationToolStatus": {
        "1": "Need to enter",
        "2": "Do not enter",
        "3": "Complete",
        "4": "In Progress"
    },
    "pricingMethod": {
        "1": "A",
        "2": "B",
        "3": "C",
        "4": "D",
        "5": "E",
        "6": "F",
        "7": "G",
        "8": "H",
        "9": "I",
        "10": "J"
    },
    "serviceCodeCheatSheet": {
        "1": "A",
        "2": "B",
        "3": "C",
        "4": "D",
        "5": "E",
        "6": "F",
        "7": "G",
        "8": "H",
        "9": "I",
        "10": "J"
    },

    "offerFamily": {
        "1": "2ND SWING",
        "2": "3P RETAIL",
        "3": "BLUE FRIDAY SALE",
        "4": "BRONZE_BASE",
        "5": "BRONZE_UPTIER",
        "6": "BULK",
        "7": "CONTOUR FLEX",
        "8": "CS2PS",
        "9": "CYBER MONDAY",
        "10": "DSR",
        "11": "EMPLOYEE",
        "12": "FLEX WATCH",
        "13": "GAD",
        "14": "GOLD_BASE",
        "15": "GOLD_UPTIER",
        "16": "ICE",
        "17": "ICE-NONERP",
        "18": "ICE-RP",
        "19": "MARCH SALE",
        "20": "NONE",
        "21": "RETAIN AND GROW",
        "22": "ROVI",
        "23": "ROVI - OTC",
        "24": "SILVER_BASE",
        "25": "SILVER_UPTIER",
        "26": "TPR"
    },
    "financeBucketCD": {
        "1": "AC",
        "2": "AR",
        "3": "EMP",
        "4": "OTC",
        "5": "OTHER",
        "6": "PKG",
        "7": "RE",
        "8": "SE",
        "9": "NONE"
    },
    "custmerTarget": {
        "1": "BOTH",
        "2": "New",
        "3": "Existing"
    },
    "campaignType": {
        "1": "ADD ANCILLARY",
        "2": "ADD COMBO",
        "3": "ADD EQUIPMENT",
        "4": "ADD PREMIUM",
        "5": "ADD PSU",
        "6": "ADD TIER",
        "7": "BUNDLE BENEFIT",
        "8": "CHSI",
        "9": "CLOSER",
        "10": "COMPETITIVE DISCOUNT",
        "11": "ESCALATION",
        "12": "FEATURE UP",
        "13": "FIX",
        "14": "MID-LEVEL DISCOUNT",
        "15": "OTC - EQUIPMENT",
        "16": "OTC - INSTALL",
        "17": "OTC - OTHER",
        "18": "OTHER",
        "19": "PROACTIVE",
        "20": "BRONZE",
        "21": "SILVER",
        "22": "GOLD",
        "23": "NONE",
        "24": "ADD PAK"
    },
    "campaignSubType": {
        "1": "$0-4.99 OFF",
        "2": "$10-19.99 OFF",
        "3": "$20-29.99 OFF",
        "4": "$30-39.99 OFF",
        "5": "$40-49.99 OFF",
        "6": "$50+ OFF",
        "7": "$5-9.99 OFF",
        "8": "10-19% OFF",
        "9": "20-29% OFF",
        "10": "30-39% OFF",
        "11": "40-49% OFF",
        "12": "50%+ OFF",
        "13": "BUNDLE BENEFIT",
        "14": "FP - 0-20% OFF",
        "15": "FP - 21-40% OFF",
        "16": "FP - 41+% OFF",
        "17": "FREE",
        "18": "OTHER",
        "19": "FP",
        "20": "$ OFF",
        "21": "% OFF"
    },
    "minVideoTier": {
        "1": "Seasonal TV",
        "2": "Starter TV",
        "3": "Starter TV Plus",
        "4": "Contour Flex Starter App Only",
        "5": "Contour Flex Starter",
        "6": "Contour Flex Latino",
        "7": "Flex Watch",
        "8": "Flex Watch Latino",
        "9": "Cox TV Economy",
        "10": "Contour Flex Economy",
        "11": "Contour Flex Economy Latino",
        "12": "Cox Adv TV Economy Plus",
        "13": "Cox TV Essential",
        "14": "Cox Advanced TV",
        "15": "Contour TV",
        "16": "Cox Advanced TV El Mix",
        "17": "Cox Advanced TV Super Mix",
        "18": "Contour TV Latino",
        "19": "Contour TV Preferred",
        "20": "Contour TV Preferred Latino",
        "21": "Contour TV Premier",
        "22": "Contour TV Ultimate",
        "23": "Contour TV Ultimate Latino",
        "24": "Contour",
        "25": "any",
        "26": "Contour2",
        "27": "Economy",
        "28": "Starter",
        "29": "ADVTV + 1 pak",
        "30": "ADVTV",
        "31": "WTF",
        "32": "Ess",
        "33": "Economy",
        "34": "ElMix",
        "35": "Flex",
        "36": "Adv",
        "37": "FlexW",
        "38": "Advanced",
        "39": "Seasonal"
    },
    "minDataTier": {
        "1": "Seasonal",
        "2": "Starter",
        "3": "Essentials",
        "4": "C2C",
        "5": "Preferred",
        "6": "Premier",
        "7": "Ultimate",
        "8": "Gigabit",
        "9": "Preferred 100",
        "10": "any",
        "11": "Essential",
        "12": "Pref",
        "13": "Ess",
        "14": "Prem",
        "15": "WTF",
        "16": "Preferred 50",
        "17": "Essential 30"
    },
    "minPhoneTier": {
        "1": "Starter",
        "2": "Essentials",
        "3": "Premier",
        "4": "Seasonal",
        "5": "Lifeline",
        "6": "any",
        "7": "Ess",
        "8": "Prem",
        "9": "WTF"
    },
    "minHomeLifeTier": {
        "1": "Essential",
        "2": "Preferred",
        "3": "Automation",
        "4": "Security + Automation"
    },
    "product": {
        "1": "3P BUNDLE",
        "2": "ANY 2P BUNDLE",
        "3": "BUNDLE BENEFIT",
        "4": "CDT",
        "5": "CHS",
        "6": "CHSI",
        "7": "CHSI/CDT",
        "8": "CHSI/CHS",
        "9": "CHSI/VIDEO",
        "10": "OTC",
        "11": "OTHER",
        "12": "VIDEO",
        "13": "VIDEO ANCILLARY",
        "14": "VIDEO PACKAGE",
        "15": "VIDEO/CDT",
        "16": "VIDEO EQUIPMENT",
        "17": "DATA EQUIPMENT",
        "18": "HOMELIFE EQUIPMENT",
        "19": "ADD EQUIPMENT",
        "20": "4P Bundle",
        "21": "OTC - INSTALL",
        "22": "3P VIDEO/CHSI/CDT",
        "23": "2P VIDEO/CHSI",
        "24": "3P VIDEO/CHSI/CHS",
        "25": "4P VIDEO/CHSI/CDT/CHS",
        "26": "2P VIDEO/CDT",
        "27": "2P CHSI/CDT",
        "28": "2P CHSI/CHS",
        "29": "2P w/CHSI",
        "30": "2P w/VIDEO",
        "31": "CHL EQUIP/INSTALL OTCs",
        "32": "3P w/CHL + Data + 1 other",
        "33": "3P Video/CHL/CDT",
        "34": "3P Video/Data/CHL"
    },
    "oscarStatus": {
        "1": "Need to Enter",
        "2": "Do Not need to Enter",
        "3": "Entered"
    },
    "financeBucketProgCD": {
        "1": "AC",
        "2": "SE",
        "3": "OTHER",
        "4": "RE",
        "5": "OTC"
    },
    "specialHandlingInstructions": {
        "1": "NOT LIKELY",
        "2": "TARGETED OFFER",
        "3": "LIKELY TO ACCEPT"
    },
    "marginBucket": {
        "1": "VERY LOW",
        "2": "LOW",
        "3": "MEDIUM",
        "4": "HIGH",
        "5": "VERY HIGH",
        "6": "NONE"
    },
    "marketingId": {
        "1": "",
        "2": "",
        "3": "",
        "4": "",
        "5": "",
        "6": ""
    },
    "marketingIdDescription": {
        "1": "",
        "2": "",
        "3": "",
        "4": "",
        "5": "",
        "6": ""
    },
    "mpNew": {
        "1": "Existing",
        "2": "New",
        "3": "BOTH",
        "4": "Exiting"
    },
    "mpOfferType": {
        "1": "Existing 1P CDT Uptier",
        "2": "Existing 1P CHL",
        "3": "Existing 1P CHL Uptier",
        "4": "Existing 1P CHSI",
        "5": "Existing 1P CHSI Exclusive",
        "6": "Existing 1P CHSI Uptier",
        "7": "Existing 1P Upgrade CDT",
        "8": "Existing 1P Upgrade CDT Exclusive",
        "9": "Existing 1P Upgrade CHSI",
        "10": "Existing 1P Upgrade CHSI Exclusive",
        "11": "Existing 1P Upgrade Video",
        "12": "Existing 1P Upgrade Video Exclusive",
        "13": "Existing 1P Video",
        "14": "Existing 1P Video Uptier",
        "15": "Existing 2P from 1P CHSI/CHL",
        "16": "Existing 2P from 1P Video/CHSI",
        "17": "Existing 2P from 1P Video/CHSI Exclusive",
        "18": "Existing 2P Video/CHSI Exclusive",
        "19": "Existing 2P w/CHSI + Video or CDT",
        "20": "Existing 3P",
        "21": "Existing 3P  Seasonal Return",
        "22": "Existing 3P from 1P",
        "23": "Existing 3P from 1P/2P",
        "24": "Existing 3P from 1P/2P Exclusive",
        "25": "Existing 3P from 2P",
        "26": "Existing 4P from 1P",
        "27": "Existing Booster",
        "28": "Existing Bundle Benefit",
        "29": "Existing Closer",
        "30": "Existing Closer Exclusive",
        "31": "Existing Competitive discount",
        "32": "Existing Escalation",
        "33": "Existing Excalation",
        "34": "Existing Feature up",
        "35": "Existing GAD",
        "36": "Existing GAD Exclusive",
        "37": "Existing Installation",
        "38": "Existing Mid level Discount",
        "39": "Existing Other",
        "40": "Existing Other (proactive, seasonal, etc)",
        "41": "Existing PSU Add",
        "42": "Existing Seasonal",
        "43": "Existing Sweetner",
        "44": "Existing Transfers",
        "45": "New 1P CDT",
        "46": "New 1P CDT Exclusive",
        "47": "New 1P CHL",
        "48": "New 1P CHL Exclusive",
        "49": "New 1P CHSI",
        "50": "New 1P CHSI Exclusive",
        "51": "New 1P Video",
        "52": "New 1P Video Exclusive",
        "53": "New 2P CDT/+ Exclusive",
        "54": "New 2P CHSI/+ Exclusive",
        "55": "New 2P CHSI/CDT Exclusive",
        "56": "New 2P CHSI/CHL",
        "57": "New 2P CHSI/CHL Exclusive",
        "58": "New 2P Video/+ Exclusive",
        "59": "New 2P Video/CDT",
        "60": "New 2P Video/CDT Exclusive",
        "61": "New 2P Video/CHSI",
        "62": "New 2P Video/CHSI Exclusive",
        "63": "New 3P",
        "64": "New 3P Exclusive",
        "65": "New 4P",
        "66": "New and Existing 1P CDT",
        "67": "New and Existing 1P CDT Exclusive",
        "68": "New and Existing 1P CHL",
        "69": "New and Existing 1P CHSI",
        "70": "New and Existing 1P CHSI Exclusive",
        "71": "New and Existing 1P Video",
        "72": "New and Existing 1P Video Exclusive",
        "73": "New and Existing 2P CHSI/CDT",
        "74": "New and Existing 2P Video/CHSI",
        "75": "New and Existing 3P",
        "76": "New and Existing 4P",
        "77": "New and Existing Bulk",
        "78": "New and Existing Closer",
        "79": "New and Existing Sweetner",
        "80": "New Booster",
        "81": "New Bulk",
        "82": "New Closer",
        "83": "New Closer Exclusive",
        "84": "New GAD",
        "85": "New Installation",
        "86": "New Installation Exclusive",
        "87": "New Other",
        "88": "New Sweetner",
        "89": "New Sweetner Exclusive",
        "90": "New Winback",
        "91": "None"
    },
    "channels": {
        "1": "MP-Care",
        "2": "MP-CHL COE",
        "3": "MP-DSR",
        "4": "MP-Field",
        "5": "MP-HCOE",
        "6": "MP-Inbound",
        "7": "MP-Lead Gen",
        "8": "MP-MDU",
        "9": "MP-MOST",
        "10": "MP-NSH",
        "11": "MP-Online",
        "12": "MP-Outbound",
        "13": "MP-Retail",
        "14": "MP-Retail Supervisor ONLY",
        "15": "MP-Inbound Retention",
        "16": "MP-SAC",
        "17": "MP-TPR",
        "18": "MP-Vendor",
        "19": "MP-Targeted DM",
        "20": "MP-Go All Digital",
        "21": "MP-Transfers",
        "22": "MP-Bulk",
        "23": "MP-Seasonal Returns",
        "24": "MP-Mass Market",
        "25": "MP-Gigabit",
        "26": "MP-Hispanic",
        "27": "MP-Installation",
        "28": "MP-Prism"
    },
    "mpTargetAudience": {
        "1": "Targeted DM",
        "2": "GIG",
        "3": "Closers",
        "4": "Transfer",
        "5": "Competitive",
        "6": "Cost Concerns",
        "7": "Light TV Viewers",
        "8": "Hispanic",
        "9": "Bulk",
        "10": "Sweeteners",
        "11": "Military Base",
        "12": "None",
        "13": "New Movers"
    },
    "mpInstallation": {
        "1": "N/A",
        "2": "Free Pro Install",
        "3": "Free Pro and Self Install (excludes 1 GIG Data)",
        "4": "Free Self Install (Excludes 1 GIG Data)",
        "5": "Free Pro and Self Install",
        "6": "Rack Rate",
        "7": "Free Self Install",
        "8": "Free Self-Install or 50% off Pro Install",
        "9": "Free Self-Install",
        "10": "Free Pro Install (excludes 1 GIG Data Install)",
        "11": "Free Self",
        "12": "$75 Pro",
        "13": "Free Pro",
        "14": "no",
        "15": "Free Pro and Self-Install (excludes 1 GIG Data Install)",
        "16": "None",
        "17": "Free Pro and Self Install (No Self-Install for 1 GIG)",
        "18": "Free Pro and Self Install (excludes 1 GIG Data) Free CHL Install w/offer CHL162HI34",
        "19": "Free Pro and SelfnInstall (excludes 1 GIG Data)",
        "20": "Free Pro and Self-Install (excludes 1 GIG Data)",
        "21": "Free Pro and Self Install (excludes 1 GIG Data Install)",
        "22": "Free Pro Install (excludes 1 GIG Data Install) Free CHL Install w/offer CHL162HI34",
        "23": "Free Pro and Self-Install (excludes 1 GIG Data) Free CHL Install w/offer CHL162HI34",
        "24": "Free Pro or Self-Install (excludes 1 GIG Data) Free CHL Install w/offer CHL162HI34",
        "25": "Free Pro or Self-Install (excludes 1 GIG Data Install) $49.99 CHL Install w/offer CHL161HSI",
        "26": "Free Pro or Self",
        "27": "Free Pro Install (excludes 1 GIG Data Install) $49.99 CHL Install w/offer CHL161HSI",
        "28": "Free Pro Install (excludes 1 GIG Data Install) $49.99 CHL Install w/offer CHL161HSI",
        "29": "Free Pro or Self-Install (excludes 1 GIG Data) Free CHL Install w/offer CHL162HI34",
        "30": "Free Self or $75 Pro"
    },
    "onlineStatus": {
        "1": "Need to Enter",
        "2": "Do Not Enter",
        "3": "In Progress",
        "4": "Complete"
    },
    "programNM": {
        "1": "A - FIX",
        "2": "A - GM",
        "3": "A - OTHER",
        "4": "A - TARGET",
        "5": "A - TEST",
        "6": "OTC",
        "7": "OTC - FIX",
        "8": "OTHER",
        "9": "R - FIX",
        "10": "R - PENDING DISCO",
        "11": "R - PROACTIVE",
        "12": "R - REACTIVE",
        "13": "R - STEP-UP",
        "14": "S - AWAY",
        "15": "S - FIX",
        "16": "S - RETURN"
    },
    "saTypeRequired": {
        "1": "N",
        "2": "240",
        "3": "360",
        "4": "Y",
        "5": "96",
        "6": "x",
        "7": "XXX"
    },
    "installIncluded": {
        "1": "N",
        "2": "Y",
        "3": "Partial",
        "4": "NewY",
        "5": "P",
        "6": "Yes"
    },
    "mpOfferProduct": {
        "1": "CDT",
        "2": "CHL",
        "3": "CHSI",
        "4": "Video",
        "5": "Bundle",
        "6": "Installation",
        "7": "Mini Box",
        "8": "Premium",
        "9": "Pak",
        "10": "Closer",
        "11": "Sweetner",
        "12": "Cash Back",
        "13": "Contour",
        "14": "CTS/CSPP",
        "15": "Video Equipment",
        "16": "Data Equipment",
        "17": "DVR",
        "18": "CHL Equipment",
        "19": "Booster",
        "20": "CDT Equipment",
        "21": "2P w/CHSI",
        "22": "Bundle Benefit",
        "23": "Premium and DVR",
        "24": "Premium and up-tier",
        "25": "DVR and up-tier",
        "26": "2P w/Video",
        "27": "CHSI and CDT",
        "28": "CHSI/VIDEO",
        "29": "Seasonal",
        "30": "2P CFlex / CHSI",
        "31": "3P w/Data + CHL + 1",
        "32": "3P Video/CHL/CDT"
    }
}