{ "discount" : {
	"discountId": " ",
	"createdBy": " ",
	"createdDate": " ",
	"description": " ",
	"discountCode": " ",
	"endDate": " ",
	"modifiedDate": " ",
	"notes": " ",
	"startDate": " ",
	"version": " ",


	"discountSiteIds": [],
	"projectCode": " ",
	"statusMasterDetailId": " ",

	"discountIcoms": {
		"discountMapIcomsId": " ",
		"assignedTo": " ",
		"confirmDate": "12/02/2018 ",
		"notes": " ",
		"offerSeries": "one ",
		"discountChanges" : "Yes",
		"icomsStatusModel": {
			"icomsStatusId": " ",
			"icomsStatusName": " "
		}
	},
	"discountGift": {
		"discountMapGiftId": "105 ",
		"giftcardAmount": "1000 ",
		"included": "Yes",
		"validationToolNotes": "Yes"
	},
	"discMapDescrBuild": {
		"descrBuildId": "12345 ",
		"cimalamount": "500",
		"formula": "100",
		"dataTierId": "852",
		"phoneTierId": "1000",
		"hmLifeTierId": "500 ",
		"equipmentId": "156",
		"installId": "152 ",
		"videoTierId": "1528 ",
		"ancillaryFeatureId": "12589 ",
		"discountId": "1800",
		"discTypeMasterId": "100 ",
		"amount": "1000"
	},
	"discMapOscar": {
		"oscarId": " ",
		"adviceFormula": "1223 ",
		"createdDate": " ",
		"excldProjectionFlg": " ",
		"expiredFlg": " ",
		"globalActive": " ",
		"mrktId": " ",
		"proactive": " ",
		"saRequired": " ",
		"salesAdvise": " ",
		"stableDuration": " ",
		"financeBucketProgCdId": " ",
		"spclHandlingInstrId": " ",
		"marginBucketId": " ",
		"mrktIdDescrId": " ",
		"statusId": " ",
		"discountId": " "
	},
	"discMapOnline": {
		"discOnlineMapId": " ",
		"disclaimer": "123456",
		"ecomPromoCode": " ",
		"savingsSticker": "123456 ",
		"uptierValues": "123456 ",
		"onlineStatusId": " "
	},
	"discMappingEntity": {  
		"mappingId": " ",
		"discountId": " ",
		"discount": " ",
		"marketName": " ",
		"mrc": " ",
		"numberOfPsu": " ",
		"primaryDuration": " ",
		"psuRequired": " ",
		"retailRate": " ",
		"secondryDuration": " ",
		"secondryStepupAmount": " ",
		"stepupAmount": " ",
		"financeBucketCdId": " ",
		"programNmId": " ",
		"customerTargetId": " ",
		"campaignTypeId": " ",
		"campaignSubTypeId": " ",
		"minDataTierId": " ",
		"minPhoneTierId": " ",
		"minHomeLifeTierId": " ",
		"productId": " ",
		"saTypeRequiredId": " ",
		"installIncludeId": " ",
		"offerFamilyId": " ",
		"minVideoTierId": " "
	},
	"disMapMainPage" : {
		"mainPageId": " ",
		"mpMarkets": " ",
		"mpNotes": "DATA ",
		"mpOffer": "HomeLife ",
		"mpOfferDetailsRestrict": "Video ",
		"mpPrismCode": " ",
		"mpSalesChannel": "Data ",
		"showMainpageFlg": " ",
		"mpOfferProductId": " ",
		"mpTargetedAudienceId": " ",
		"mpInstallationTprId": " ",
		"mpNewExistingId": " ",
		"mpOfferTypeId": " ",
		"discountId": " ",
		"mainPageChnlMaps": " "
	},
	"discMapPreRequisite" : {
		"preReqId": " 1",
		"cmpgnCdAIncIfOne": "one",
		"cmpgnCdDExcIfAny": "two",
		"cmpgnCdNumOfDays": " three",
		"cmpgnLongDescr": "four",
		"curntSrvcAIncIfOne": "four",
		"curntSrvcBIncIfAll": "four",
		"curntSrvcCIncIfAtlst":"four",
		"curntSrvcCOfThese": "four",
		"curntSrvcDExcIfAny": "four",
		"curntSrvcEExcIfAll": "four",
		"curntSrvcFExcIfAtlst": "four",
		"curntSrvcFOfThese": "four",
		"icomsAccessList1": "four",
		"icomsAccessList2": "four",
		"icomsAccessList3": "four",
		"icomsAccessList4": "four",
		"icomsAccessList5": "four",
		"icomsAccessList6": "four",
		"instlSrvcAIncIfOne": "four",
		"instlSrvcBIncIfAll": "four",
		"instlSrvcCIncIfAtlst": "four",
		"instlSrvcCOfThese": "four",
		"instlSrvcDExcIfAny": "four",
		"instlSrvcEExcIfAll": "four",
		"instlSrvcFExcIfAtlst": "four",
		"instlSrvcFOfThese": "four",
		"mrktIdAIncIfOne": "four",
		"mrktIdDExcIfAny": "four",
		"otherInsrct": "four",
		"plgInstlAIncIfOne": "four",
		"plgInstlBIncIfAll": "four",
		"plgInstlDExcIfAny": "four",
		"plgRetnAIncIfOne": "four",
		"plgRetnDExcIfAny": "four",
		"retnSrvcAIncIfOne": "four",
		"retnSrvcBIncIfAll": "four",
		"retnSrvcCIncIfAtlst": "four",
		"retnSrvcCOfThese": "four",
		"retnSrvcDExcIfAny": "four",
		"retnSrvcEExcIfAll": "four",
		"retnSrvcFExcIfAtlst": "four",
		"retnSrvcFOfThese": "four",
		"discountId": "four",
		"preReqIcomsDataBlobs": "four"
	}
}
}