{
"actionResult": null,
"actionStatus": null,
"commonData":[
    {
        "name": "VIDEO_TIERS",
        "records": [
            {
                "key": 101,
                "value": "Seasonal TV"
            },
            {
                "key": 102,
                "value": "Starter TV"
            },
            {
                "key": 103,
                "value": "Starter TV Plus"
            },
            {
                "key": 104,
                "value": "Contour Flex Starter App Only"
            },
            {
                "key": 105,
                "value": "Contour Flex Starter"
            },
            {
                "key": 106,
                "value": "Contour Flex Latino"
            },
            {
                "key": 107,
                "value": "Flex Watch"
            },
            {
                "key": 108,
                "value": "Flex Watch Latino"
            },
            {
                "key": 109,
                "value": "Cox TV Economy"
            },
            {
                "key": 110,
                "value": "Contour Flex Economy"
            },
            {
                "key": 111,
                "value": "Contour Flex Economy Latino"
            },
            {
                "key": 112,
                "value": "Cox Adv TV Economy Plus"
            },
            {
                "key": 113,
                "value": "Cox TV Essential"
            },
            {
                "key": 114,
                "value": "Cox Advanced TV"
            },
            {
                "key": 115,
                "value": "Contour TV"
            },
            {
                "key": 116,
                "value": "Cox Advanced TV El Mix"
            },
            {
                "key": 117,
                "value": "Cox Advanced TV Super Mix"
            },
            {
                "key": 118,
                "value": "Contour TV Latino"
            },
            {
                "key": 119,
                "value": "Contour TV Preferred"
            },
            {
                "key": 120,
                "value": "Contour TV Preferred Latino"
            },
            {
                "key": 121,
                "value": "Contour TV Premier"
            },
            {
                "key": 122,
                "value": "Contour TV Ultimate"
            },
            {
                "key": 123,
                "value": "Contour TV Ultimate Latino"
            },
            {
                "key": 124,
                "value": "Contour"
            },
            {
                "key": 125,
                "value": "any"
            },
            {
                "key": 126,
                "value": "Contour2"
            },
            {
                "key": 127,
                "value": "Economy"
            },
            {
                "key": 128,
                "value": "Starter"
            },
            {
                "key": 129,
                "value": "ADVTV + 1 pak"
            },
            {
                "key": 130,
                "value": "ADVTV"
            },
            {
                "key": 131,
                "value": "WTF"
            },
            {
                "key": 132,
                "value": "Ess"
            },
            {
                "key": 133,
                "value": "Economy +"
            },
            {
                "key": 134,
                "value": "ElMix"
            },
            {
                "key": 135,
                "value": "Flex"
            },
            {
                "key": 136,
                "value": "Adv"
            },
            {
                "key": 137,
                "value": "FlexW"
            },
            {
                "key": 138,
                "value": "Advanced"
            },
            {
                "key": 139,
                "value": "Seasonal"
            },
            {
                "key": 140,
                "value": "Essentials"
            }
        ]
    },
    {
        "name": "DATA_TIERS",
        "records": [
            {
                "key": 141,
                "value": "Seasonal"
            },
            {
                "key": 142,
                "value": "Starter"
            },
            {
                "key": 143,
                "value": "Essentials"
            },
            {
                "key": 144,
                "value": "C2C"
            },
            {
                "key": 145,
                "value": "Preferred"
            },
            {
                "key": 146,
                "value": "Premier"
            },
            {
                "key": 147,
                "value": "Ultimate"
            },
            {
                "key": 148,
                "value": "Gigabit"
            },
            {
                "key": 149,
                "value": "Preferred 100"
            },
            {
                "key": 150,
                "value": "any"
            },
            {
                "key": 151,
                "value": "Essential"
            },
            {
                "key": 152,
                "value": "Pref"
            },
            {
                "key": 153,
                "value": "Ess"
            },
            {
                "key": 154,
                "value": "Prem"
            },
            {
                "key": 155,
                "value": "WTF"
            },
            {
                "key": 156,
                "value": "Preferred 50"
            },
            {
                "key": 157,
                "value": "Essential 30"
            }
        ]
    },
    {
        "name": "PHONE_TIERS",
        "records": [
            {
                "key": 158,
                "value": "Starter"
            },
            {
                "key": 159,
                "value": "Essentials"
            },
            {
                "key": 160,
                "value": "Premier"
            },
            {
                "key": 161,
                "value": "Seasonal"
            },
            {
                "key": 162,
                "value": "Lifeline"
            },
            {
                "key": 163,
                "value": "any"
            },
            {
                "key": 164,
                "value": "Ess"
            },
            {
                "key": 165,
                "value": "Prem"
            },
            {
                "key": 166,
                "value": "WTF"
            }
        ]
    },
    {
        "name": "HOMELIFE_TIERS",
        "records": [
            {
                "key": 167,
                "value": "Essentials"
            },
            {
                "key": 168,
                "value": "Preferred"
            },
            {
                "key": 169,
                "value": "Automation"
            },
            {
                "key": 170,
                "value": "Security + Automation"
            },
            {
                "key": 171,
                "value": "Care"
            }
        ]
    },
    {
        "name": "ANCILLARY",
        "records": [
            {
                "key": 172,
                "value": "Add"
            },
            {
                "key": 173,
                "value": "Retain"
            },
            {
                "key": 174,
                "value": "1 Premium"
            },
            {
                "key": 175,
                "value": "2 Premiums"
            },
            {
                "key": 176,
                "value": "3 Premiums"
            },
            {
                "key": 177,
                "value": "HBO"
            },
            {
                "key": 178,
                "value": "Showtime"
            },
            {
                "key": 179,
                "value": "Starz"
            },
            {
                "key": 180,
                "value": "Cinemax"
            },
            {
                "key": 181,
                "value": "Variety Pak"
            },
            {
                "key": 182,
                "value": "Sports and Information Pak"
            },
            {
                "key": 183,
                "value": "Movie Pak"
            },
            {
                "key": 184,
                "value": "Sports Pak 2"
            },
            {
                "key": 185,
                "value": "Latino Pak"
            },
            {
                "key": 186,
                "value": "Record 2 DVR Service"
            },
            {
                "key": 187,
                "value": "Record 6 DVR Service"
            },
            {
                "key": 188,
                "value": "If Newly Added Only"
            },
            {
                "key": 189,
                "value": "Video Receiver"
            }
        ]
    },
    {
        "name": "EQUIPMENT",
        "records": [
            {
                "key": 190,
                "value": "DTA"
            },
            {
                "key": 191,
                "value": "Receiver"
            },
            {
                "key": 192,
                "value": "DVR Record 2"
            },
            {
                "key": 193,
                "value": "DVR Record 6"
            },
            {
                "key": 194,
                "value": "Gateway"
            },
            {
                "key": 195,
                "value": "Modem"
            },
            {
                "key": 196,
                "value": "EMTA"
            },
            {
                "key": 197,
                "value": "VREMREP"
            },
            {
                "key": 198,
                "value": "C2 Receiver"
            },
            {
                "key": 199,
                "value": "C1 Receiver"
            },
            {
                "key": 200,
                "value": "CHL Thermostats"
            },
            {
                "key": 201,
                "value": "CHL EQUIPMENT"
            },
            {
                "key": 202,
                "value": "APPONLY"
            },
            {
                "key": 203,
                "value": "Pano WiFi Modem"
            },
            {
                "key": 204,
                "value": "CHL Smart Bulb"
            },
            {
                "key": 205,
                "value": "CHL Door Locks"
            }
        ]
    },
    {
        "name": "INSTALL",
        "records": [
            {
                "key": 206,
                "value": "Self"
            },
            {
                "key": 207,
                "value": "Professional"
            },
            {
                "key": 208,
                "value": "Self/Pro"
            }
        ]
    },
    {
        "name": "GIFT_VALIDATION_STATUS",
        "records": [
            {
                "key": 209,
                "value": "Need to enter"
            },
            {
                "key": 210,
                "value": "Do not enter"
            },
            {
                "key": 211,
                "value": "Complete"
            },
            {
                "key": 212,
                "value": "In Progress"
            }
        ]
    },
    {
        "name": "OFFER_FAMILY",
        "records": [
            {
                "key": 213,
                "value": "2ND SWING"
            },
            {
                "key": 214,
                "value": "3P RETAIL"
            },
            {
                "key": 215,
                "value": "BLUE FRIDAY SALE"
            },
            {
                "key": 216,
                "value": "BRONZE_BASE"
            },
            {
                "key": 217,
                "value": "BRONZE_UPTIER"
            },
            {
                "key": 218,
                "value": "BULK"
            },
            {
                "key": 219,
                "value": "CONTOUR FLEX"
            },
            {
                "key": 220,
                "value": "CS2PS"
            },
            {
                "key": 221,
                "value": "CYBER MONDAY"
            },
            {
                "key": 222,
                "value": "DSR"
            },
            {
                "key": 223,
                "value": "EMPLOYEE"
            },
            {
                "key": 224,
                "value": "FLEX WATCH"
            },
            {
                "key": 225,
                "value": "GAD"
            },
            {
                "key": 226,
                "value": "GOLD_BASE"
            },
            {
                "key": 227,
                "value": "GOLD_UPTIER"
            },
            {
                "key": 228,
                "value": "ICE"
            },
            {
                "key": 229,
                "value": "ICE-NONERP"
            },
            {
                "key": 230,
                "value": "ICE-RP"
            },
            {
                "key": 231,
                "value": "MARCH SALE"
            },
            {
                "key": 232,
                "value": "NONE"
            },
            {
                "key": 233,
                "value": "RETAIN AND GROW"
            },
            {
                "key": 234,
                "value": "ROVI"
            },
            {
                "key": 235,
                "value": "ROVI - OTC"
            },
            {
                "key": 236,
                "value": "SILVER_BASE"
            },
            {
                "key": 237,
                "value": "SILVER_UPTIER"
            },
            {
                "key": 238,
                "value": "TPR"
            }
        ]
    },
    {
        "name": "FINANCE_BUCKET_CD",
        "records": [
            {
                "key": 239,
                "value": "AC"
            },
            {
                "key": 240,
                "value": "AR"
            },
            {
                "key": 241,
                "value": "EMP"
            },
            {
                "key": 242,
                "value": "OTC"
            },
            {
                "key": 243,
                "value": "OTHER"
            },
            {
                "key": 244,
                "value": "PKG"
            },
            {
                "key": 245,
                "value": "RE"
            },
            {
                "key": 246,
                "value": "SE"
            },
            {
                "key": 247,
                "value": "NONE"
            }
        ]
    },
    {
        "name": "PROGRAM_NM",
        "records": [
            {
                "key": 248,
                "value": "A - FIX"
            },
            {
                "key": 249,
                "value": "A - GM"
            },
            {
                "key": 250,
                "value": "A - OTHER"
            },
            {
                "key": 251,
                "value": "A - TARGET"
            },
            {
                "key": 252,
                "value": "A - TEST"
            },
            {
                "key": 253,
                "value": "OTC"
            },
            {
                "key": 254,
                "value": "OTC - FIX"
            },
            {
                "key": 255,
                "value": "OTHER"
            },
            {
                "key": 256,
                "value": "R - FIX"
            },
            {
                "key": 257,
                "value": "R - PENDING DISCO"
            },
            {
                "key": 258,
                "value": "R - PROACTIVE"
            },
            {
                "key": 259,
                "value": "R - REACTIVE"
            },
            {
                "key": 260,
                "value": "R - STEP-UP"
            },
            {
                "key": 261,
                "value": "S - AWAY"
            },
            {
                "key": 262,
                "value": "S - FIX"
            },
            {
                "key": 263,
                "value": "S - RETURN"
            }
        ]
    },
    {
        "name": "CUSTOMER_TARGET",
        "records": [
            {
                "key": 264,
                "value": "BOTH"
            },
            {
                "key": 265,
                "value": "NEW"
            },
            {
                "key": 266,
                "value": "EXISTING"
            }
        ]
    },
    {
        "name": "CAMPAIGN_TYPE",
        "records": [
            {
                "key": 267,
                "value": "ADD ANCILLARY"
            },
            {
                "key": 268,
                "value": "ADD COMBO"
            },
            {
                "key": 269,
                "value": "ADD EQUIPMENT"
            },
            {
                "key": 270,
                "value": "ADD PREMIUM"
            },
            {
                "key": 271,
                "value": "ADD PSU"
            },
            {
                "key": 272,
                "value": "ADD TIER"
            },
            {
                "key": 273,
                "value": "BUNDLE BENEFIT"
            },
            {
                "key": 274,
                "value": "CHSI"
            },
            {
                "key": 275,
                "value": "CLOSER"
            },
            {
                "key": 276,
                "value": "COMPETITIVE DISCOUNT"
            },
            {
                "key": 277,
                "value": "ESCALATION"
            },
            {
                "key": 278,
                "value": "FEATURE UP"
            },
            {
                "key": 279,
                "value": "FIX"
            },
            {
                "key": 280,
                "value": "MID-LEVEL DISCOUNT"
            },
            {
                "key": 281,
                "value": "OTC - EQUIPMENT"
            },
            {
                "key": 282,
                "value": "OTC - INSTALL"
            },
            {
                "key": 283,
                "value": "OTC - OTHER"
            },
            {
                "key": 284,
                "value": "OTHER"
            },
            {
                "key": 285,
                "value": "PROACTIVE"
            },
            {
                "key": 286,
                "value": "BRONZE"
            },
            {
                "key": 287,
                "value": "SILVER"
            },
            {
                "key": 288,
                "value": "GOLD"
            },
            {
                "key": 289,
                "value": "NONE"
            },
            {
                "key": 290,
                "value": "ADD PAK"
            }
        ]
    },
    {
        "name": "CAMPAIGN_SUBTYPE",
        "records": [
            {
                "key": 291,
                "value": "$0-4.99 OFF"
            },
            {
                "key": 292,
                "value": "$10-19.99 OFF"
            },
            {
                "key": 293,
                "value": "$20-29.99 OFF"
            },
            {
                "key": 294,
                "value": "$30-39.99 OFF"
            },
            {
                "key": 295,
                "value": "$40-49.99 OFF"
            },
            {
                "key": 296,
                "value": "$50+ OFF"
            },
            {
                "key": 297,
                "value": "$5-9.99 OFF"
            },
            {
                "key": 298,
                "value": "10-19% OFF"
            },
            {
                "key": 299,
                "value": "20-29% OFF"
            },
            {
                "key": 300,
                "value": "30-39% OFF"
            },
            {
                "key": 301,
                "value": "40-49% OFF"
            },
            {
                "key": 302,
                "value": "50%+ OFF"
            },
            {
                "key": 303,
                "value": "BUNDLE BENEFIT"
            },
            {
                "key": 304,
                "value": "FP - 0-20% OFF"
            },
            {
                "key": 305,
                "value": "FP - 21-40% OFF"
            },
            {
                "key": 306,
                "value": "FP - 41+% OFF"
            },
            {
                "key": 307,
                "value": "FREE"
            },
            {
                "key": 308,
                "value": "OTHER"
            },
            {
                "key": 309,
                "value": "FP"
            },
            {
                "key": 310,
                "value": "$ OFF"
            },
            {
                "key": 311,
                "value": "% OFF"
            }
        ]
    },
    {
        "name": "SA_TYPE_REQUIRED",
        "records": [
            {
                "key": 312,
                "value": "N"
            },
            {
                "key": 313,
                "value": "240"
            },
            {
                "key": 314,
                "value": "360"
            },
            {
                "key": 315,
                "value": "Y"
            },
            {
                "key": 316,
                "value": "96"
            },
            {
                "key": 317,
                "value": "x"
            },
            {
                "key": 318,
                "value": "XXX"
            }
        ]
    },
    {
        "name": "INSTALL_INCLUDED",
        "records": [
            {
                "key": 319,
                "value": "N"
            },
            {
                "key": 320,
                "value": "Y"
            },
            {
                "key": 321,
                "value": "PARTIAL"
            },
            {
                "key": 322,
                "value": "NEW"
            },
            {
                "key": 323,
                "value": "P"
            },
            {
                "key": 324,
                "value": "yes"
            }
        ]
    },
    {
        "name": "PRODUCT",
        "records": [
            {
                "key": 325,
                "value": "3P BUNDLE"
            },
            {
                "key": 326,
                "value": "ANY 2P BUNDLE"
            },
            {
                "key": 327,
                "value": "BUNDLE BENEFIT"
            },
            {
                "key": 328,
                "value": "CDT"
            },
            {
                "key": 329,
                "value": "CHS"
            },
            {
                "key": 330,
                "value": "CHSI"
            },
            {
                "key": 331,
                "value": "CHSI/CDT"
            },
            {
                "key": 332,
                "value": "CHSI/CHS"
            },
            {
                "key": 333,
                "value": "CHSI/VIDEO"
            },
            {
                "key": 334,
                "value": "OTC"
            },
            {
                "key": 335,
                "value": "OTHER"
            },
            {
                "key": 336,
                "value": "VIDEO"
            },
            {
                "key": 337,
                "value": "VIDEO ANCILLARY"
            },
            {
                "key": 338,
                "value": "VIDEO PACKAGE"
            },
            {
                "key": 339,
                "value": "VIDEO/CDT"
            },
            {
                "key": 340,
                "value": "VIDEO EQUIPMENT"
            },
            {
                "key": 341,
                "value": "DATA EQUIPMENT"
            },
            {
                "key": 342,
                "value": "HOMELIFE EQUIPMENT"
            },
            {
                "key": 343,
                "value": "ADD EQUIPMENT"
            },
            {
                "key": 344,
                "value": "4P Bundle"
            },
            {
                "key": 345,
                "value": "OTC - INSTALL"
            },
            {
                "key": 346,
                "value": "3P VIDEO/CHSI/CDT"
            },
            {
                "key": 347,
                "value": "2P VIDEO/CHSI"
            },
            {
                "key": 348,
                "value": "3P VIDEO/CHSI/CHS"
            },
            {
                "key": 349,
                "value": "4P VIDEO/CHSI/CDT/CHS"
            },
            {
                "key": 350,
                "value": "2P VIDEO/CDT"
            },
            {
                "key": 351,
                "value": "2P CHSI/CDT"
            },
            {
                "key": 352,
                "value": "2P CHSI/CHS"
            },
            {
                "key": 353,
                "value": "2P w/CHSI"
            },
            {
                "key": 354,
                "value": "2P w/VIDEO"
            },
            {
                "key": 355,
                "value": "CHL EQUIP/INSTALL OTCs"
            },
            {
                "key": 356,
                "value": "3P w/CHL + Data + 1 other"
            },
            {
                "key": 357,
                "value": "3P Video/CHL/CDT"
            },
            {
                "key": 358,
                "value": "3P Video/Data/CHL"
            }
        ]
    },
    {
        "name": "OSCAR_STATUS",
        "records": [
            {
                "key": 359,
                "value": "Need to Enter"
            },
            {
                "key": 360,
                "value": "Do Not need to Enter"
            },
            {
                "key": 361,
                "value": "Entered"
            }
        ]
    },
    {
        "name": "FINANCE_BUCKET_PROG_CD",
        "records": [
            {
                "key": 362,
                "value": "AC"
            },
            {
                "key": 363,
                "value": "SE"
            },
            {
                "key": 364,
                "value": "OTHER"
            },
            {
                "key": 365,
                "value": "RE"
            },
            {
                "key": 366,
                "value": "OTC"
            }
        ]
    },
    {
        "name": "SPCL_HANDLING_INSTRUCTIONS",
        "records": [
            {
                "key": 367,
                "value": "NOT LIKELY"
            },
            {
                "key": 368,
                "value": "TARGETED OFFER"
            },
            {
                "key": 369,
                "value": "LIKELY TO ACCEPT"
            }
        ]
    },
    {
        "name": "MARGIN_BUCKET",
        "records": [
            {
                "key": 370,
                "value": "VERY LOW"
            },
            {
                "key": 371,
                "value": "LOW"
            },
            {
                "key": 372,
                "value": "MEDIUM"
            },
            {
                "key": 373,
                "value": "HIGH"
            },
            {
                "key": 374,
                "value": "VERY HIGH"
            },
            {
                "key": 375,
                "value": "NONE"
            }
        ]
    },
    {
        "name": "MARKETING_ID_DESC",
        "records": [
            {
                "key": 376,
                "value": "[TEXT]"
            }
        ]
    },
    {
        "name": "MP_NEW_EXISTING",
        "records": [
            {
                "key": 377,
                "value": "Existing"
            },
            {
                "key": 378,
                "value": "New"
            },
            {
                "key": 379,
                "value": "BOTH"
            },
            {
                "key": 380,
                "value": "Exiting"
            }
        ]
    },
    {
        "name": "MP_OFFER_PRODUCT",
        "records": [
            {
                "key": 381,
                "value": "CDT"
            },
            {
                "key": 382,
                "value": "CHL"
            },
            {
                "key": 383,
                "value": "CHSI"
            },
            {
                "key": 384,
                "value": "Video"
            },
            {
                "key": 385,
                "value": "Bundle"
            },
            {
                "key": 386,
                "value": "Installation"
            },
            {
                "key": 387,
                "value": "Mini Box"
            },
            {
                "key": 388,
                "value": "Premium"
            },
            {
                "key": 389,
                "value": "Pak"
            },
            {
                "key": 390,
                "value": "Closer"
            },
            {
                "key": 391,
                "value": "Sweetner"
            },
            {
                "key": 392,
                "value": "Cash Back"
            },
            {
                "key": 393,
                "value": "Contour"
            },
            {
                "key": 394,
                "value": "CTS/CSPP"
            },
            {
                "key": 395,
                "value": "Video Equipment"
            },
            {
                "key": 396,
                "value": "Data Equipment"
            },
            {
                "key": 397,
                "value": "DVR"
            },
            {
                "key": 398,
                "value": "CHL Equipment"
            },
            {
                "key": 399,
                "value": "Booster"
            },
            {
                "key": 400,
                "value": "CDT Equipment"
            },
            {
                "key": 401,
                "value": "2P w/CHSI"
            },
            {
                "key": 402,
                "value": "Bundle Benefit"
            },
            {
                "key": 403,
                "value": "Premium and DVR"
            },
            {
                "key": 404,
                "value": "Premium and up-tier"
            },
            {
                "key": 405,
                "value": "DVR and up-tier"
            },
            {
                "key": 406,
                "value": "2P w/Video"
            },
            {
                "key": 407,
                "value": "CHSI and CDT"
            },
            {
                "key": 408,
                "value": "CHSI/VIDEO"
            },
            {
                "key": 409,
                "value": "Seasonal"
            },
            {
                "key": 410,
                "value": "2P CFlex / CHSI"
            },
            {
                "key": 411,
                "value": "3P w/Data + CHL + 1"
            },
            {
                "key": 412,
                "value": "3P Video/CHL/CDT"
            }
        ]
    },
    {
        "name": "MP_OFFER_TYPE",
        "records": [
            {
                "key": 413,
                "value": "Existing 1P CDT Uptier"
            },
            {
                "key": 414,
                "value": "Existing 1P CHL"
            },
            {
                "key": 415,
                "value": "Existing 1P CHL Uptier"
            },
            {
                "key": 416,
                "value": "Existing 1P CHSI"
            },
            {
                "key": 417,
                "value": "Existing 1P CHSI Exclusive"
            },
            {
                "key": 418,
                "value": "Existing 1P CHSI Uptier"
            },
            {
                "key": 419,
                "value": "Existing 1P Upgrade CDT"
            },
            {
                "key": 420,
                "value": "Existing 1P Upgrade CDT Exclusive"
            },
            {
                "key": 421,
                "value": "Existing 1P Upgrade CHSI"
            },
            {
                "key": 422,
                "value": "Existing 1P Upgrade CHSI Exclusive"
            },
            {
                "key": 423,
                "value": "Existing 1P Upgrade Video"
            },
            {
                "key": 424,
                "value": "Existing 1P Upgrade Video Exclusive"
            },
            {
                "key": 425,
                "value": "Existing 1P Video"
            },
            {
                "key": 426,
                "value": "Existing 1P Video Uptier"
            },
            {
                "key": 427,
                "value": "Existing 2P from 1P CHSI/CHL"
            },
            {
                "key": 428,
                "value": "Existing 2P from 1P Video/CHSI"
            },
            {
                "key": 429,
                "value": "Existing 2P from 1P Video/CHSI Exclusive"
            },
            {
                "key": 430,
                "value": "Existing 2P Video/CHSI Exclusive"
            },
            {
                "key": 431,
                "value": "Existing 2P w/CHSI + Video or CDT"
            },
            {
                "key": 432,
                "value": "Existing 3P"
            },
            {
                "key": 433,
                "value": "Existing 3P  Seasonal Return"
            },
            {
                "key": 434,
                "value": "Existing 3P from 1P"
            },
            {
                "key": 435,
                "value": "Existing 3P from 1P/2P"
            },
            {
                "key": 436,
                "value": "Existing 3P from 1P/2P Exclusive"
            },
            {
                "key": 437,
                "value": "Existing 3P from 2P"
            },
            {
                "key": 438,
                "value": "Existing 4P from 1P"
            },
            {
                "key": 439,
                "value": "Existing Booster"
            },
            {
                "key": 440,
                "value": "Existing Bundle Benefit"
            },
            {
                "key": 441,
                "value": "Existing Closer"
            },
            {
                "key": 442,
                "value": "Existing Closer Exclusive"
            },
            {
                "key": 443,
                "value": "Existing Competitive discount"
            },
            {
                "key": 444,
                "value": "Existing Escalation"
            },
            {
                "key": 445,
                "value": "Existing Excalation"
            },
            {
                "key": 446,
                "value": "Existing Feature up"
            },
            {
                "key": 447,
                "value": "Existing GAD"
            },
            {
                "key": 448,
                "value": "Existing GAD Exclusive"
            },
            {
                "key": 449,
                "value": "Existing Installation"
            },
            {
                "key": 450,
                "value": "Existing Mid level Discount"
            },
            {
                "key": 451,
                "value": "Existing Other"
            },
            {
                "key": 452,
                "value": "Existing Other (proactive, seasonal, etc)"
            },
            {
                "key": 453,
                "value": "Existing PSU Add"
            },
            {
                "key": 454,
                "value": "Existing Seasonal"
            },
            {
                "key": 455,
                "value": "Existing Sweetner"
            },
            {
                "key": 456,
                "value": "Existing Transfers"
            },
            {
                "key": 457,
                "value": "New 1P CDT"
            },
            {
                "key": 458,
                "value": "New 1P CDT Exclusive"
            },
            {
                "key": 459,
                "value": "New 1P CHL"
            },
            {
                "key": 460,
                "value": "New 1P CHL Exclusive"
            },
            {
                "key": 461,
                "value": "New 1P CHSI"
            },
            {
                "key": 462,
                "value": "New 1P CHSI Exclusive"
            },
            {
                "key": 463,
                "value": "New 1P Video"
            },
            {
                "key": 464,
                "value": "New 1P Video Exclusive"
            },
            {
                "key": 465,
                "value": "New 2P CDT/+ Exclusive"
            },
            {
                "key": 466,
                "value": "New 2P CHSI/+ Exclusive"
            },
            {
                "key": 467,
                "value": "New 2P CHSI/CDT Exclusive"
            },
            {
                "key": 468,
                "value": "New 2P CHSI/CHL"
            },
            {
                "key": 469,
                "value": "New 2P CHSI/CHL Exclusive"
            },
            {
                "key": 470,
                "value": "New 2P Video/+ Exclusive"
            },
            {
                "key": 471,
                "value": "New 2P Video/CDT"
            },
            {
                "key": 472,
                "value": "New 2P Video/CDT Exclusive"
            },
            {
                "key": 473,
                "value": "New 2P Video/CHSI"
            },
            {
                "key": 474,
                "value": "New 2P Video/CHSI Exclusive"
            },
            {
                "key": 475,
                "value": "New 3P"
            },
            {
                "key": 476,
                "value": "New 3P Exclusive"
            },
            {
                "key": 477,
                "value": "New 4P"
            },
            {
                "key": 478,
                "value": "New and Existing 1P CDT"
            },
            {
                "key": 479,
                "value": "New and Existing 1P CDT Exclusive"
            },
            {
                "key": 480,
                "value": "New and Existing 1P CHL"
            },
            {
                "key": 481,
                "value": "New and Existing 1P CHSI"
            },
            {
                "key": 482,
                "value": "New and Existing 1P CHSI Exclusive"
            },
            {
                "key": 483,
                "value": "New and Existing 1P Video"
            },
            {
                "key": 484,
                "value": "New and Existing 1P Video Exclusive"
            },
            {
                "key": 485,
                "value": "New and Existing 2P CHSI/CDT"
            },
            {
                "key": 486,
                "value": "New and Existing 2P Video/CHSI"
            },
            {
                "key": 487,
                "value": "New and Existing 3P"
            },
            {
                "key": 488,
                "value": "New and Existing 4P"
            },
            {
                "key": 489,
                "value": "New and Existing Bulk"
            },
            {
                "key": 490,
                "value": "New and Existing Closer"
            },
            {
                "key": 491,
                "value": "New and Existing Sweetner"
            },
            {
                "key": 492,
                "value": "New Booster"
            },
            {
                "key": 493,
                "value": "New Bulk"
            },
            {
                "key": 494,
                "value": "New Closer"
            },
            {
                "key": 495,
                "value": "New Closer Exclusive"
            },
            {
                "key": 496,
                "value": "New GAD"
            },
            {
                "key": 497,
                "value": "New Installation"
            },
            {
                "key": 498,
                "value": "New Installation Exclusive"
            },
            {
                "key": 499,
                "value": "New Other"
            },
            {
                "key": 500,
                "value": "New Sweetner"
            },
            {
                "key": 501,
                "value": "New Sweetner Exclusive"
            },
            {
                "key": 502,
                "value": "New Winback"
            },
            {
                "key": 503,
                "value": "None"
            }
        ]
    },
    {
        "name": "MP_TARGETED_AUDIENCE",
        "records": [
            {
                "key": 504,
                "value": "None"
            },
            {
                "key": 505,
                "value": "Targeted DM"
            },
            {
                "key": 506,
                "value": "GIG"
            },
            {
                "key": 507,
                "value": "Closers"
            },
            {
                "key": 508,
                "value": "Transfer"
            },
            {
                "key": 509,
                "value": "Competitive"
            },
            {
                "key": 510,
                "value": "Cost Concerns"
            },
            {
                "key": 511,
                "value": "Light TV Viewers"
            },
            {
                "key": 512,
                "value": "Hispanic"
            },
            {
                "key": 513,
                "value": "Bulk"
            },
            {
                "key": 514,
                "value": "Sweeteners"
            },
            {
                "key": 515,
                "value": "Military Base"
            },
            {
                "key": 516,
                "value": "None"
            },
            {
                "key": 517,
                "value": "New Movers"
            }
        ]
    },
    {
        "name": "MP_INSTALLATION_TPR",
        "records": [
            {
                "key": 518,
                "value": "N/A"
            },
            {
                "key": 519,
                "value": "Free Pro Install"
            },
            {
                "key": 520,
                "value": "Free Pro and Self Install (excludes 1 GIG Data)"
            },
            {
                "key": 521,
                "value": "Free Self Install (Excludes 1 GIG Data)"
            },
            {
                "key": 522,
                "value": "Free Pro and Self Install"
            },
            {
                "key": 523,
                "value": "Rack Rate"
            },
            {
                "key": 524,
                "value": "Free Self Install"
            },
            {
                "key": 525,
                "value": "Free Self-Install or 50% off Pro Install"
            },
            {
                "key": 526,
                "value": "Free Self-Install"
            },
            {
                "key": 527,
                "value": "Free Pro Install (excludes 1 GIG Data Install)"
            },
            {
                "key": 528,
                "value": "Free Self"
            },
            {
                "key": 529,
                "value": "$75 Pro"
            },
            {
                "key": 530,
                "value": "Free Pro"
            },
            {
                "key": 531,
                "value": "no"
            },
            {
                "key": 532,
                "value": "Free Pro and Self-Install (excludes 1 GIG Data Install)"
            },
            {
                "key": 533,
                "value": "None"
            },
            {
                "key": 534,
                "value": "Free Pro and Self Install (No Self-Install for 1 GIG)"
            },
            {
                "key": 535,
                "value": "Free Pro and Self Install (excludes 1 GIG Data) Free CHL Install w/offer CHL162HI34"
            },
            {
                "key": 536,
                "value": "Free Pro and SelfnInstall (excludes 1 GIG Data)"
            },
            {
                "key": 537,
                "value": "Free Pro and Self-Install (excludes 1 GIG Data)"
            },
            {
                "key": 538,
                "value": "Free Pro and Self Install (excludes 1 GIG Data Install)"
            },
            {
                "key": 539,
                "value": "Free Pro Install (excludes 1 GIG Data Install) Free CHL Install w/offer CHL162HI34"
            },
            {
                "key": 540,
                "value": "Free Pro and Self-Install (excludes 1 GIG Data) Free CHL Install w/offer CHL162HI34"
            },
            {
                "key": 541,
                "value": "Free Pro or Self-Install (excludes 1 GIG Data) Free CHL Install w/offer CHL162HI34"
            },
            {
                "key": 542,
                "value": "Free Pro or Self-Install (excludes 1 GIG Data Install) $49.99 CHL Install w/offer CHL161HSI"
            },
            {
                "key": 543,
                "value": "Free Pro or Self"
            },
            {
                "key": 544,
                "value": "Free Pro Install (excludes 1 GIG Data Install) $49.99 CHL Install w/offer CHL161HSI"
            },
            {
                "key": 545,
                "value": "Free Pro Install (excludes 1 GIG Data Install) $49.99 CHL Install w/offer CHL161HSI"
            },
            {
                "key": 546,
                "value": "Free Pro or Self-Install (excludes 1 GIG Data) Free CHL Install w/offer CHL162HI34"
            },
            {
                "key": 547,
                "value": "Free Self or $75 Pro"
            }
        ]
    },
    {
        "name": "ONLINE_STATUS",
        "records": [
            {
                "key": 548,
                "value": "Need to Enter"
            },
            {
                "key": 549,
                "value": "Do Not Enter"
            },
            {
                "key": 550,
                "value": "In Progress"
            },
            {
                "key": 551,
                "value": "Complete"
            }
        ]
    },
    {
        "name": "PRICING CATEGORY",
        "records": [
            {
                "key": 552,
                "value": "P1 – VIDEO (Absorb: Y/N)"
            },
            {
                "key": 553,
                "value": "P2 – VIDEO (Absorb: Y)"
            },
            {
                "key": 554,
                "value": "P3 – DVR SERVICE or MODEM"
            },
            {
                "key": 555,
                "value": "P4 – EQUIPMENT (Absorb: Y)"
            },
            {
                "key": 556,
                "value": "P5 – DATA (Absorb: Y)"
            },
            {
                "key": 557,
                "value": "P6 – PHONE (Absorb: Y)"
            },
            {
                "key": 558,
                "value": "P7 – BUNDLE/LOYALTY"
            },
            {
                "key": 559,
                "value": "P8 – WILDCARD - HOME LIFE, BLOCK STACKING, MODEM (Absorb: N)"
            },
            {
                "key": 560,
                "value": "P9 – OTC"
            }
        ]
    },
    {
        "name": "PRESENTATION CODE",
        "records": [
            {
                "key": 561,
                "value": "B01 - Video"
            },
            {
                "key": 562,
                "value": "B02 - Data"
            },
            {
                "key": 563,
                "value": "B03 - Phone"
            },
            {
                "key": 564,
                "value": "B04 - Home Life"
            },
            {
                "key": 565,
                "value": "B09 - Bundle Discount Code(s)"
            }
        ]
    },
    {
        "name": "MARKETING_ID",
        "records": [
            {
                "key": 566,
                "value": "[TEXT]"
            },
            {
                "key": 567,
                "value": "CF0217"
            },
            {
                "key": 568,
                "value": "AO1116"
            },
            {
                "key": 569,
                "value": "HE12164"
            },
            {
                "key": 570,
                "value": "C10217"
            },
            {
                "key": 571,
                "value": "RD01176, RD01177, RD01178, RD011710, RD01179"
            },
            {
                "key": 572,
                "value": "RD01172, RD01173, RD01174, RD01175, RD01177, RD01178, RD01179, RD011710"
            },
            {
                "key": 573,
                "value": "RD01178, RD01179, RD011710"
            },
            {
                "key": 574,
                "value": "RD01177, RD01178, RD01179, RD011710"
            },
            {
                "key": 575,
                "value": "RD01179,RD011710"
            },
            {
                "key": 576,
                "value": "RD01178,RD01179,RD011710"
            },
            {
                "key": 577,
                "value": "RD01173, RD01174, RD01175, RD01178, RD01179, RD011710"
            },
            {
                "key": 578,
                "value": "RD011710"
            },
            {
                "key": 579,
                "value": "GB11164, GB11166"
            },
            {
                "key": 580,
                "value": "RD01171, RD01172, RD01173, RD01174, RD01175,"
            },
            {
                "key": 581,
                "value": "RD01174, RD01175, RD01179, RD011710,"
            },
            {
                "key": 582,
                "value": "D10417"
            },
            {
                "key": 583,
                "value": "RD01172, RD01173, RD01174, RD01175, RD01177, RD01178, RD01179"
            },
            {
                "key": 584,
                "value": "RD01179, RD011710"
            },
            {
                "key": 585,
                "value": "EIOAA"
            },
            {
                "key": 586,
                "value": "SS0617"
            },
            {
                "key": 587,
                "value": "C10217,RD01174,RD01175,RD01179,RD011710"
            },
            {
                "key": 588,
                "value": "RC0617"
            },
            {
                "key": 589,
                "value": "GB11164,GB11166,GB11162,GB11165"
            },
            {
                "key": 590,
                "value": "GB11162, GB11164"
            },
            {
                "key": 591,
                "value": "GB11162"
            },
            {
                "key": 592,
                "value": "RP0617"
            },
            {
                "key": 593,
                "value": "D106171"
            },
            {
                "key": 594,
                "value": "D10617, D106171"
            },
            {
                "key": 595,
                "value": "D10617"
            },
            {
                "key": 596,
                "value": "SA04171"
            },
            {
                "key": 597,
                "value": "PW0617"
            },
            {
                "key": 598,
                "value": "GB11161,GB11162,GB11163,GB11164"
            },
            {
                "key": 599,
                "value": "MT0617"
            },
            {
                "key": 600,
                "value": "GB11161, GB11162, GB11163, GB11164, GB11165, GB11166"
            },
            {
                "key": 601,
                "value": "DR041610, DR041616"
            },
            {
                "key": 602,
                "value": "DR041613"
            },
            {
                "key": 603,
                "value": "DR04167, DR041611, DR041617"
            },
            {
                "key": 604,
                "value": "DR04169, DR041612, DR041615, DR041618"
            },
            {
                "key": 605,
                "value": "DR04168, DR041614"
            },
            {
                "key": 606,
                "value": "LP06171"
            },
            {
                "key": 607,
                "value": "LP06172"
            },
            {
                "key": 608,
                "value": "GB11161,GB11162,GB11165"
            },
            {
                "key": 609,
                "value": "VD0717"
            },
            {
                "key": 610,
                "value": "RD01174, RD01175, RD01178, RD01179, RD011710"
            },
            {
                "key": 611,
                "value": "GB11163"
            },
            {
                "key": 612,
                "value": "HVT09171"
            },
            {
                "key": 613,
                "value": "HVT09173"
            },
            {
                "key": 614,
                "value": "HVT09172"
            },
            {
                "key": 615,
                "value": "DU08171"
            },
            {
                "key": 616,
                "value": "DU08172"
            },
            {
                "key": 617,
                "value": "DU08173"
            },
            {
                "key": 618,
                "value": "DU08174"
            },
            {
                "key": 619,
                "value": "DU08175"
            },
            {
                "key": 620,
                "value": "SE1017"
            },
            {
                "key": 621,
                "value": "RD011710,RD01171, RD01172, RD01173, RD01174, RD01175, RD01176, RD01177, RD01178, RD01179"
            },
            {
                "key": 622,
                "value": "RD01173, RD01174, RD01175, RD01176, RD01179, RD011710"
            },
            {
                "key": 623,
                "value": "RD01174, RD01175, RD01179, RD011710"
            },
            {
                "key": 624,
                "value": "RD01173,RD01174,RD01175,RD01178,RD01179,RD011710, GB11165, GB11166"
            },
            {
                "key": 625,
                "value": "RD01174,RD01175,RD01179,RD011710, GB11162, GB11164, GB11165, GB11166"
            },
            {
                "key": 626,
                "value": "RD01174,RD01175,RD01179,RD011710, GB11165, GB11166"
            },
            {
                "key": 627,
                "value": "C204171, C210171, C210172, C210173"
            },
            {
                "key": 628,
                "value": "TR11171"
            },
            {
                "key": 629,
                "value": "TR11173"
            },
            {
                "key": 630,
                "value": "TR11172"
            },
            {
                "key": 631,
                "value": "CS0617"
            },
            {
                "key": 632,
                "value": "C210171, C204171, C210172, C210173"
            },
            {
                "key": 633,
                "value": "D01173, RD01174, RD01175, RD01178, RD01179, RD011710"
            },
            {
                "key": 634,
                "value": "HL0118"
            },
            {
                "key": 635,
                "value": "BU01181"
            },
            {
                "key": 636,
                "value": "RD01173, RD01174, RD01175, RD01179, RD011710,"
            },
            {
                "key": 637,
                "value": "RD01174, RD01175, RD01177, RD01178, RD01179, RD011710"
            },
            {
                "key": 638,
                "value": "RO001183"
            },
            {
                "key": 639,
                "value": "RO01187"
            },
            {
                "key": 640,
                "value": "RO01181"
            },
            {
                "key": 641,
                "value": "RO01185"
            },
            {
                "key": 642,
                "value": "RO01184"
            },
            {
                "key": 643,
                "value": "RO01182"
            },
            {
                "key": 644,
                "value": "RO01188"
            },
            {
                "key": 645,
                "value": "RO01186"
            }
        ]
    },
    {
        "name": "ICOMS_STATUS",
        "records": [
            {
                "key": 100,
                "value": "Not Started"
            },
            {
                "key": 101,
                "value": "Peer Review Needed"
            },
            {
                "key": 102,
                "value": "Offer Completed but Modified After Build by Marketing- Pending Changes"
            },
            {
                "key": 103,
                "value": "Client Action Required / Pending Questions"
            },
            {
                "key": 104,
                "value": "On Hold- Marketing Hold"
            }
        ]
    },
    {
        "name": "IT_PEER_REVIWED",
        "records": [
            {
                "key": 200,
                "value": "one"
            },
            {
                "key": 201,
                "value": "two"
            },
            {
                "key": 202,
                "value": "three"
            },
            {
                "key": 203,
                "value": "four"
            },
            {
                "key": 204,
                "value": "five"
            }
        ]
    },
    {
        "name": "IT_ASSIGNED_TO",
         "records": [
            {
                "key": 300,
                "value": "one"
            },
            {
                "key": 301,
                "value": "two"
            },
            {
                "key": 302,
                "value": "three"
            },
            {
                "key": 303,
                "value": "four"
            },
            {
                "key": 304,
                "value": "five"
            }
        ]
    },
    {
        "name": "DISCOUNT_TYPES",
        "records": [
             {
                "Key": 1000,
             "value":"Fixed Price"
             },
              {
                "Key": 1001,
             "value":"Dollars Off"
             },
              {
                "Key": 1002,
             "value":"Percent Off"
             },
              {
                "Key": 1003,
             "value":"Other"
             }
        ]
    },
     {
        "name": "MIN_DATA_TIER",
        "records": [
             {
                "Key": 10,
             "value":"One"
             },
              {
                "Key": 11,
             "value":"TWO"
             },
              {
                "Key": 12,
             "value":"Three"
             },
              {
                "Key": 13,
             "value":"Four"
             }
        ]
    },
    {
        "name": "MIN_PHONE_TIER",
        "records": [
             {
                "Key": 50,
             "value":"One"
             },
              {
                "Key": 51,
             "value":"Two"
             },
              {
                "Key": 52,
             "value":"Three"
             },
              {
                "Key": 53,
             "value":"Four"
             }
        ]
    },
     {
        "name": "MIN_HOME_LIFE_TIER",
        "records": [
             {
                "Key": 20,
             "value":"One"
             },
              {
                "Key": 21,
             "value":"Two"
             },
              {
                "Key": 22,
             "value":"Three"
             },
              {
                "Key": 23,
             "value":"Four"
             }
        ]
    }
],
"teCodeResponse": {
        "actionResult": null,
        "actionStatus": null,
        "teCodes": [
			{
				"teCodeId":"1",
				"code": "100",
				"description": "TE Codes",
				"owner": "ONE"
			}
		]
    }
	}