[
    {
        "projectCode": "PRO_Add_Update",
        "projectType": "1",
        "projectStartDt": "2018-04-01T18:30:00.000Z",
        "projectEndDt": "2018-04-09T18:30:00.000Z",
        "description": "Description 1",
        "market": [
            {
                "projSiteMapId": 1,
                "projectCode": "San Diego",
                "siteId": 1,
                "enableFlag": ""
            },
            {
                "projSiteMapId": 2,
                "projectCode": "Phoenix",
                "siteId": 2,
                "enableFlag": ""
            }      
        ],
        "status": "Submitted for Configurator",
        "assignedTo": "Nitin"
    },
    {
        "projectCode": "PRO_1517397615935",
        "projectType": "1",
        "projectStartDt": "2018-04-01T18:30:00.000Z",
        "projectEndDt": "2018-04-09T18:30:00.000Z",
        "description": "Description 1",
        "market": [
            {
                "projSiteMapId": 1,
                "projectCode": "San Diego",
                "siteId": 1,
                "enableFlag": ""
            },
            {
                "projSiteMapId": 2,
                "projectCode": "Phoenix",
                "siteId": 2,
                "enableFlag": ""
            }      
        ],
        "status": "Submitted for Configurator",
        "assignedTo": "Nitin"
    },
    {
        "projectCode": "PRO_1517397615989",
        "projectType": "2",
        "projectStartDt": "2018-05-01T18:30:00.000Z",
        "projectEndDt": "2018-05-09T18:30:00.000Z",
        "description": "Description 2",
        "market": [
             {
                "projSiteMapId": 3,
                "projectCode": "Baton Rouge",
                "siteId": 3,
                "enableFlag": ""
            },
             {
                "projSiteMapId": 4,
                "projectCode": "Omaha",
                "siteId": 4,
                "enableFlag": ""
            }
        ],
        "status": "Submitted for Configurator",
        "assignedTo": "Nitin"
    },
    {
        "projectCode": "PRO_1517397615990",
        "projectType": "3",
        "projectStartDt": "2018-06-01T18:30:00.000Z",
        "projectEndDt": "2018-06-09T18:30:00.000Z",
        "description": "Description 3",
        "market": [
             {
                "projSiteMapId": 5,
                "projectCode": "Connecticut",
                "siteId": 5,
                "enableFlag": ""
            },
             {
                "projSiteMapId": 6,
                "projectCode": "Roanoke",
                "siteId": 6,
                "enableFlag": ""
            }
        ],
        "status": "NEW",
        "assignedTo": "Nitin"
    },
    {
        "projectCode": "PRO_1517397615991",
        "projectType": "4",
        "projectStartDt": "2018-07-01T18:30:00.000Z",
        "projectEndDt": "2018-07-09T18:30:00.000Z",
        "description": "Description 4",
        "market": [
             {
                "projSiteMapId": 6,
                "projectCode": "Roanoke",
                "siteId": 6,
                "enableFlag": ""
            },
             {
                "projSiteMapId": 7,
                "projectCode": "Orange County",
                "siteId": 7,
                "enableFlag": ""
            }
        ],
        "status": "NEW",
        "assignedTo": "Nitin"
    },
    {
        "projectCode": "PRO_1517397615992",
        "projectType": "5",
        "projectStartDt": "2018-07-01T18:30:00.000Z",
        "projectEndDt": "2018-07-09T18:30:00.000Z",
        "description": "Description 5",
        "market": [
              {
                "projSiteMapId": 3,
                "projectCode": "Baton Rouge",
                "siteId": 3,
                "enableFlag": ""
            },
             {
                "projSiteMapId": 8,
                "projectCode": "Oklahoma City",
                "siteId": 8,
                "enableFlag": ""
            }
        ],
        "status": "NEW",
        "assignedTo": "Nitin"
    },
     {
        "projectCode": "PRO_1517397615993",
        "projectType": "6",
        "projectStartDt": "2018-07-01T18:30:00.000Z",
        "projectEndDt": "2018-07-09T18:30:00.000Z",
        "description": "Description 6",
        "market": [
               {
                "projSiteMapId": 9,
                "projectCode": "Tulsa",
                "siteId": 9,
                "enableFlag": ""
            },
             {
                "projSiteMapId": 10,
                "projectCode": "Macon",
                "siteId": 10,
                "enableFlag": ""
            }
        ],
        "status": "NEW",
        "assignedTo": "Nitin"
    },
    
    {
        "projectCode": "PRO_1517397615994",
        "projectType": "7",
        "projectStartDt": "2018-04-01T18:30:00.000Z",
        "projectEndDt": "2018-04-09T18:30:00.000Z",
        "description": "Description 7",
        "market": [
            {
                "projSiteMapId": 1,
                "projectCode": "San Diego",
                "siteId": 1,
                "enableFlag": ""
            },
             {
                "projSiteMapId": 2,
                "projectCode": "Phoenix",
                "siteId": 2,
                "enableFlag": ""
            }            
        ],
        "status": "NEW",
        "assignedTo": "Nitin"
    }
]