{
    "actionResult": null,
    "actionStatus": "SUCCESS",
    "projectCode": "PRO_1517397615989",
    "projectType": "3",
    "projectStatus": "NEW",
    "projectStartDt": "2018-04-01T18:30:00.000Z",
    "projectEndDt": "2018-04-09T18:30:00.000Z",
    "description": "Description 1",
    "market": [
        {
            "projSiteMapId": 1,
            "projectCode": "San Diego",
            "siteId": 1,
            "enableFlag": ""
        },
        {
            "projSiteMapId": 2,
            "projectCode": "Phoenix",
            "siteId": 2,
            "enableFlag": ""
        }
    ],
    "status": "NEW",
    "assignedTo": "Nitin",
    "sites": ["San Diego", "Phoenix"],
    "mapProjectTypes": {
        "1": "New Offer Creation",
        "2": "Offer Extension",
        "3": "Offer Expiration",
        "4": "Offer Attributes Modification",
        "5": "Offer Pricing Change"
    },
    "mapMarketList": {
        "1": "San Diego",
        "2": "Phoenix",
        "3": "Baton Rouge",
        "4": "Omaha",
        "5": "Connecticut",
        "6": "Roanoke",
        "7": "Orange County",
        "8": "Oklahoma City",
        "9": "Tulsa",
        "10": "Macon",
        "11": "Rhode Island",
        "12": "New Orleans",
        "13": "Santa Barbara",
        "14": "Gainesville",
        "15": "Pensacola",
        "16": "Northern Virginia",
        "17": "Kansas",
        "18": "Palos Verdes",
        "19": "Hampton Roads",
        "20": "Cleveland",
        "21": "Las Vegas"
    },
    "intakeFormResp": {
        "intakeFormId": "Intake Form 1",
		"addUptierPaths": "123",
		"description": "Test",
		"durationMonths": "12",
		"instltnIncFlg": true,
		"instltnPricing": "$100",
		"prodMustExc": "Yes",
		"prodMustInc": "Yes",
		"prodMustInstlExc": "Yes",
		"prodMustInstlInc": "Yes",
		"prodMustRetainExc": "Yes",
		"prodMustRetainInc": "Yes",
		"products": "Product 1",
		"projectName": "Project 1",
		"reqstdExpireDate": "2018-04-01T18:30:00.000Z",
		"reqstdStartDate": "2018-04-09T18:30:00.000Z",
		"reqstorEmail": "theeran@cox.com",
		"reqstorName": "Theeran",
		"stepupAmount": "100",
		"intakeChnlModel": 1,
		"stepUpDuration": 1,
		"intakeMktModel": 1,
		"intakeReqPlg": 1,
		"intakeTecode": 1,
		"intakeTgtaud": 1,
		"intakeTirequirement": 1
    }
}