{
    "actionResult": null,
    "actionStatus": "SUCCESS",
    "searchUserModel": [
        {
            "userid": "1",
            "firstname": "userFirstName",
            "lastname": "userLastName",
            "email": "user@cox.com",
            "lastLogon": null,
            "statusid": {
                "statusId": 1,
                "statusName": "Active"
            }
        },
        {
            "userid": "2",
            "firstname": "Papaiah",
            "lastname": "Ikkurthi",
            "email": "papaiah@cox.com",
            "lastLogon": null,
            "statusid": {
                "statusId": 2,
                "statusName": "InActive"
            }
        },
        {
            "userid": "3",
            "firstname": "Poorna",
            "lastname": "Chandar",
            "email": "poorna@cox.com",
            "lastLogon": null,
            "statusid": {
                "statusId": 2,
                "statusName": "InActive"
            }
        },
        {
            "userid": "4",
            "firstname": "Ramesh",
            "lastname": "Bodapati",
            "email": "user@cox.com",
            "lastLogon": null,
            "statusid": {
                "statusId": 2,
                "statusName": "InActive"
            }
        },
        {
            "userid": "5",
            "firstname": "Sumanth",
            "lastname": "Bm",
            "email": "user@cox.com",
            "lastLogon": null,
            "statusid": {
                "statusId": 1,
                "statusName": "Active"
            }
        },
        {
            "userid": "6",
            "firstname": "Alka",
            "lastname": "Test",
            "email": "user@cox.com",
            "lastLogon": null,
            "statusid": {
                "statusId": 2,
                "statusName": "InActive"
            }
        },
        {
            "userid": "7",
            "firstname": "Santosh",
            "lastname": "sv",
            "email": "user@cox.com",
            "lastLogon": null,
            "statusid": {
                "statusId": 1,
                "statusName": "Active"
            }
        },
        {
            "userid": "8",
            "firstname": "Test First Name",
            "lastname": "Test Last Name",
            "email": "user@cox.com",
            "lastLogon": null,
            "statusid": {
                "statusId": 2,
                "statusName": "InActive"
            }
        }
    ]
}