[
    {
        "projectCode": "PRO_1517397615935",
        "projectType": "1",
        "projectStartDate" : "01/01/2018",
        "projectEndDate" : "05/01/2018",
		"projectCategoery": "Base Offer",
        "site": "GainVielle",
        "projectStatus": "New",
        "AssignedTo": "",
        "ProjectDetails": "Project Details",
        "icon1": "",
        "icon2": ""
    },
	{
        "projectCode": "PRO_1517397615989",
        "projectType": "2",
        "projectStartDate" : "01/01/2018",
        "projectEndDate" : "05/01/2018",
		"projectCategoery": "Base Offer",
        "site": "San Diego",
        "projectStatus": "New",
        "AssignedTo": "",
        "ProjectDetails": "Project Details",
        "icon1": "",
        "icon2": ""
    },
	{
        "projectCode": "PRO_1517397615777",
        "projectType": "3",
        "projectStartDate" : "01/01/2018",
        "projectEndDate" : "05/01/2018",
		"projectCategoery": "Base Offer",
        "site": "San Diego",
        "projectStatus": "New",
        "AssignedTo": "",
        "ProjectDetails": "Project Details",
        "icon1": "",
        "icon2": ""
    },
	{
        "projectCode": "PRO_1517397615999",
        "projectType": "4",
        "projectStartDate" : "01/01/2018",
        "projectEndDate" : "05/01/2018",
		"projectCategoery": "Base Offer",
        "site": "San Diego",
        "projectStatus": "New",
        "AssignedTo": "",
        "ProjectDetails": "Project Details",
        "icon1": "",
        "icon2": ""
    },
	{
        "projectCode": "PRO_1517397615555",
        "projectType": "5",
        "projectStartDate" : "01/01/2018",
        "projectEndDate" : "05/01/2018",
		"projectCategoery": "Base Offer",
        "site": "San Diego",
        "projectStatus": "New",
        "AssignedTo": "",
        "ProjectDetails": "Project Details",
        "icon1": "",
        "icon2": ""
    },
	{
        "projectCode": "PRO_1517397613333",
        "projectType": "6",
        "projectStartDate" : "01/01/2018",
        "projectEndDate" : "05/01/2018",
		"projectCategoery": "Base Offer",
        "site": "San Diego",
        "projectStatus": "New",
        "AssignedTo": "",
        "ProjectDetails": "Project Details",
        "icon1": "",
        "icon2": ""
    }
]