{
    "actionResult": null,
    "actionStatus": "SUCCESS",
    "projectCode": "PRO_1517397615935",
    "projectMasterModel": {
        "projectCode": "PRO_1519133984077",
        "projectType": "2",
        "projectTypeName": null,
        "projectDesc": "Update Description",
        "projectStartDt": "2018-02-01T18:30:00.000Z",
        "projectEndDt": "2018-02-01T18:30:00.000Z",
        "market": null,
        "status": "1002",
        "statusName": null,
        "assignedTo": null,
        "processId": 1,
        "siteMap": null
    },
    "mrktingOfferModel": null,
    "mrktingOfferModelMap": {
        "4P": [
            {
                "moId": "701",
                "projectCode": null,
                "createdBy": null,
                "createdDate": null,
                "description": null,
                "discValue": "Update Description",
                "endDate": "2018-02-02",
                "modifiedDate": null,
                "offerType": "1",
                "price": 100,
                "priceSpec": "Update Description",
                "startDate": "2018-02-02",
                "discountTypeId": 1,
                "discountRule": "Update Description",
                "psuType": null,
                "bundleType": null,
                "moProductDataModel": [
                    {
                        "prodDataId": "354",
                        "prodDetail": "NO TIER",
                        "psuType": "4P",
                        "mrktingOfferTxnDetModel": null,
                        "psuTypeMasterModel": {
                            "psuTypeId": "101",
                            "psuName": "DATA",
                            "description": null
                        }
                    },
                    {
                        "prodDataId": "355",
                        "prodDetail": "C2C",
                        "psuType": "4P",
                        "mrktingOfferTxnDetModel": null,
                        "psuTypeMasterModel": {
                            "psuTypeId": "102",
                            "psuName": "PHONE",
                            "description": null
                        }
                    },
                    {
                        "prodDataId": "356",
                        "prodDetail": "OTHER",
                        "psuType": "4P",
                        "mrktingOfferTxnDetModel": null,
                        "psuTypeMasterModel": {
                            "psuTypeId": "103",
                            "psuName": "VIDEO",
                            "description": null
                        }
                    },
                    {
                        "prodDataId": "357",
                        "prodDetail": "SEASONAL",
                        "psuType": "4P",
                        "mrktingOfferTxnDetModel": null,
                        "psuTypeMasterModel": {
                            "psuTypeId": "104",
                            "psuName": "HOMELIFE",
                            "description": null
                        }
                    }
                ],
                "currencyId": null,
                "bundleMasterModel": {
                    "bndlId": 1,
                    "bndlName": "Bronze"
                },
                "currencyMasterModel": null,
                "mktOffrDiscountMasterModel": {
                    "discTypeId": null,
                    "discTypeName": null
                }
            },
            {
                "moId": "702",
                "projectCode": null,
                "createdBy": null,
                "createdDate": null,
                "description": null,
                "discValue": "Update Description",
                "endDate": "2018-02-02",
                "modifiedDate": null,
                "offerType": "1",
                "price": 100,
                "priceSpec": "Update Description",
                "startDate": "2018-02-02",
                "discountTypeId": 1,
                "discountRule": "Update Description",
                "psuType": null,
                "bundleType": null,
                "moProductDataModel": [
                    {
                        "prodDataId": "358",
                        "prodDetail": "NO TIER",
                        "psuType": "4P",
                        "mrktingOfferTxnDetModel": null,
                        "psuTypeMasterModel": {
                            "psuTypeId": "101",
                            "psuName": "DATA",
                            "description": null
                        }
                    },
                    {
                        "prodDataId": "359",
                        "prodDetail": "C2C",
                        "psuType": "4P",
                        "mrktingOfferTxnDetModel": null,
                        "psuTypeMasterModel": {
                            "psuTypeId": "102",
                            "psuName": "PHONE",
                            "description": null
                        }
                    },
                    {
                        "prodDataId": "360",
                        "prodDetail": "OTHER",
                        "psuType": "4P",
                        "mrktingOfferTxnDetModel": null,
                        "psuTypeMasterModel": {
                            "psuTypeId": "103",
                            "psuName": "VIDEO",
                            "description": null
                        }
                    },
                    {
                        "prodDataId": "361",
                        "prodDetail": "SEASONAL",
                        "psuType": "4P",
                        "mrktingOfferTxnDetModel": null,
                        "psuTypeMasterModel": {
                            "psuTypeId": "104",
                            "psuName": "HOMELIFE",
                            "description": null
                        }
                    }
                ],
                "currencyId": null,
                "bundleMasterModel": {
                    "bndlId": 1,
                    "bndlName": "Bronze"
                },
                "currencyMasterModel": null,
                "mktOffrDiscountMasterModel": {
                    "discTypeId": null,
                    "discTypeName": null
                }
            },
            {
                "moId": "750",
                "projectCode": null,
                "createdBy": null,
                "createdDate": null,
                "description": null,
                "discValue": "Update Description",
                "endDate": "2018-02-02",
                "modifiedDate": null,
                "offerType": "1",
                "price": 100,
                "priceSpec": "Update Description",
                "startDate": "2018-02-02",
                "discountTypeId": 1,
                "discountRule": "Update Description",
                "psuType": null,
                "bundleType": null,
                "moProductDataModel": [
                    {
                        "prodDataId": "400",
                        "prodDetail": "NO TIER",
                        "psuType": "4P",
                        "mrktingOfferTxnDetModel": null,
                        "psuTypeMasterModel": {
                            "psuTypeId": "101",
                            "psuName": "DATA",
                            "description": null
                        }
                    },
                    {
                        "prodDataId": "401",
                        "prodDetail": "C2C",
                        "psuType": "4P",
                        "mrktingOfferTxnDetModel": null,
                        "psuTypeMasterModel": {
                            "psuTypeId": "102",
                            "psuName": "PHONE",
                            "description": null
                        }
                    },
                    {
                        "prodDataId": "402",
                        "prodDetail": "OTHER",
                        "psuType": "4P",
                        "mrktingOfferTxnDetModel": null,
                        "psuTypeMasterModel": {
                            "psuTypeId": "103",
                            "psuName": "VIDEO",
                            "description": null
                        }
                    },
                    {
                        "prodDataId": "403",
                        "prodDetail": "SEASONAL",
                        "psuType": "4P",
                        "mrktingOfferTxnDetModel": null,
                        "psuTypeMasterModel": {
                            "psuTypeId": "104",
                            "psuName": "HOMELIFE",
                            "description": null
                        }
                    }
                ],
                "currencyId": null,
                "bundleMasterModel": {
                    "bndlId": 1,
                    "bndlName": "Bronze"
                },
                "currencyMasterModel": null,
                "mktOffrDiscountMasterModel": {
                    "discTypeId": null,
                    "discTypeName": null
                }
            }
        ],
        "3P": [],
        "2P": [
            {
                "moId": "800",
                "projectCode": null,
                "createdBy": null,
                "createdDate": 1519151400000,
                "description": null,
                "discValue": "New Description",
                "endDate": "2011-01-02",
                "modifiedDate": 1519171353016,
                "offerType": "1",
                "price": 200.5,
                "priceSpec": "New Description",
                "startDate": "2011-01-02",
                "discountTypeId": 1,
                "discountRule": "New Description",
                "psuType": null,
                "bundleType": null,
                "moProductDataModel": [
                    {
                        "prodDataId": "506",
                        "prodDetail": "STARTER",
                        "psuType": "2P",
                        "mrktingOfferTxnDetModel": null,
                        "psuTypeMasterModel": {
                            "psuTypeId": "101",
                            "psuName": "DATA",
                            "description": null
                        }
                    },
                    {
                        "prodDataId": "507",
                        "prodDetail": "ESSENTIALS",
                        "psuType": "2P",
                        "mrktingOfferTxnDetModel": null,
                        "psuTypeMasterModel": {
                            "psuTypeId": "102",
                            "psuName": "PHONE",
                            "description": null
                        }
                    }
                ],
                "currencyId": null,
                "bundleMasterModel": {
                    "bndlId": 1,
                    "bndlName": "Bronze"
                },
                "currencyMasterModel": null,
                "mktOffrDiscountMasterModel": {
                    "discTypeId": null,
                    "discTypeName": null
                }
            }
        ],
        "1P": []
    }
}